{
  "sessions": [
    {
      "timestamp": 1779901718.0822847,
      "session": "\ud83c\udf0e US",
      "mc": 693777.1172109176,
      "mc_change_pct": -12.107318201353356,
      "holders": 5470,
      "holder_top10_pct": 0.2036521435292787,
      "sm_count": 91,
      "kol_count": 19,
      "vol_1h": 13201.21644959,
      "buys_1h": 45.0,
      "sells_1h": 69.0,
      "patterns": [
        "MC -12.1% \u0437\u0430 24\u0447"
      ],
      "top_holder_pct": [
        0.06555947873360866,
        0.02591942866019621,
        0.020411673116251992,
        0.01695942337135765,
        0.015835035980151388,
        0.01429666482339356,
        0.012179528171010454,
        0.011039895019756208,
        0.01082323851725976,
        0.010627777136292833,
        0.010125941376238123,
        0.010005595208885571,
        0.010005595208885571,
        0.010005595208885571,
        0.009830545758836708,
        0.009745449733454545,
        0.009546452247028157,
        0.009311163432562797,
        0.00919195835368805,
        0.00909364646827123,
        0.008616837920406795,
        0.008142012167423121,
        0.008045868997379286,
        0.008001701060245498,
        0.007726262466052116,
        0.007403642766426128,
        0.007260995443854167,
        0.0070082953114385185,
        0.006896138236067714,
        0.006821506924046983,
        0.006494260018467407,
        0.006281883825627362,
        0.006179452903088031,
        0.005790697395661233,
        0.0057732206819801285,
        0.005704211349276206,
        0.005695862278802205,
        0.005578580138323992,
        0.005532274679433936,
        0.005383566737587192,
        0.005229539304992666,
        0.005165907650815597,
        0.0051293229194521416,
        0.005013813615115081,
        0.005003297884203229,
        0.004846829258584034,
        0.004759073240816851,
        0.004726386649212333,
        0.004555940184183517,
        0.004496310115756212
      ]
    },
    {
      "timestamp": 1779902419.9151313,
      "session": "\ud83c\udf0e US",
      "mc": 656962.9055313481,
      "mc_change_pct": -13.025829442446268,
      "holders": 5474,
      "holder_top10_pct": 0.2048645626516723,
      "sm_count": 91,
      "kol_count": 19,
      "vol_1h": 8445.17155166,
      "buys_1h": 42.0,
      "sells_1h": 65.0,
      "patterns": [
        "MC -13.0% \u0437\u0430 24\u0447",
        "\u0418\u0441\u0442\u043e\u0440\u0438\u0447\u0435\u0441\u043a\u0438 US: -12.1% MC"
      ],
      "top_holder_pct": [
        0.06677189785600225,
        0.02591942866019621,
        0.020411673116251992,
        0.01695942337135765,
        0.015835035980151388,
        0.01429666482339356,
        0.012179528171010454,
        0.011039895019756208,
        0.01082323851725976,
        0.010627777136292833,
        0.010442788129668416,
        0.010125941376238123,
        0.010005595208885571,
        0.010005595208885571,
        0.010005595208885571,
        0.009745449733454545,
        0.009546452247028157,
        0.00919195835368805,
        0.00909364646827123,
        0.008810883672118517,
        0.008616837920406795,
        0.008142012167423121,
        0.008045868997379286,
        0.008001701060245498,
        0.007726262466052116,
        0.007260995443854167,
        0.0070082953114385185,
        0.006896138236067714,
        0.006821506924046983,
        0.006494260018467407,
        0.006281883825627362,
        0.006179452903088031,
        0.005790697395661233,
        0.0057732206819801285,
        0.005704211349276206,
        0.005695862278802205,
        0.005578580138323992,
        0.005532274679433936,
        0.005402523724649013,
        0.005383566737587192,
        0.005229539304992666,
        0.005165907650815597,
        0.0051293229194521416,
        0.005013813615115081,
        0.005003297884203229,
        0.004846829258584034,
        0.004759073240816851,
        0.004726386649212333,
        0.004555940184183517,
        0.004496310115756212
      ]
    },
    {
      "timestamp": 1779904809.988467,
      "session": "\ud83c\udf0f Asia",
      "mc": 642530.990489276,
      "mc_change_pct": -21.657896462111424,
      "holders": 5478,
      "holder_top10_pct": 0.20612304861240144,
      "sm_count": 91,
      "kol_count": 19,
      "vol_1h": 7057.16215163,
      "buys_1h": 47.0,
      "sells_1h": 53.0,
      "patterns": [
        "MC -21.7% \u0437\u0430 24\u0447"
      ],
      "top_holder_pct": [
        0.06757742522239477,
        0.02591942866019621,
        0.020411673116251992,
        0.01695942337135765,
        0.015835035980151388,
        0.01429666482339356,
        0.012179528171010454,
        0.011080735730629452,
        0.011039895019756208,
        0.01082323851725976,
        0.010627777136292833,
        0.010125941376238123,
        0.010005595208885571,
        0.010005595208885571,
        0.010005595208885571,
        0.009745449733454545,
        0.009546452247028157,
        0.00919195835368805,
        0.00909364646827123,
        0.008616837920406795,
        0.008142012167423121,
        0.008045868997379286,
        0.008001701060245498,
        0.007726262466052116,
        0.007310044390785682,
        0.007260995443854167,
        0.0070082953114385185,
        0.006896138236067714,
        0.006821506924046983,
        0.006494260018467407,
        0.006281883825627362,
        0.006179452903088031,
        0.005790697395661233,
        0.0057732206819801285,
        0.005704211349276206,
        0.005695862278802205,
        0.005578580138323992,
        0.005532274679433936,
        0.005402523724649013,
        0.005383566737587192,
        0.005229539304992666,
        0.005165907650815597,
        0.0051293229194521416,
        0.005013813615115081,
        0.005003297884203229,
        0.004846829258584034,
        0.004759073240816851,
        0.004726386649212333,
        0.004555940184183517,
        0.004496310115756212
      ]
    }
  ],
  "last_session": {
    "timestamp": 1779904809.988467,
    "session": "\ud83c\udf0f Asia",
    "mc": 642530.990489276,
    "mc_change_pct": -21.657896462111424,
    "holders": 5478,
    "holder_top10_pct": 0.20612304861240144,
    "sm_count": 91,
    "kol_count": 19,
    "vol_1h": 7057.16215163,
    "buys_1h": 47.0,
    "sells_1h": 53.0,
    "patterns": [
      "MC -21.7% \u0437\u0430 24\u0447"
    ],
    "top_holder_pct": [
      0.06757742522239477,
      0.02591942866019621,
      0.020411673116251992,
      0.01695942337135765,
      0.015835035980151388,
      0.01429666482339356,
      0.012179528171010454,
      0.011080735730629452,
      0.011039895019756208,
      0.01082323851725976,
      0.010627777136292833,
      0.010125941376238123,
      0.010005595208885571,
      0.010005595208885571,
      0.010005595208885571,
      0.009745449733454545,
      0.009546452247028157,
      0.00919195835368805,
      0.00909364646827123,
      0.008616837920406795,
      0.008142012167423121,
      0.008045868997379286,
      0.008001701060245498,
      0.007726262466052116,
      0.007310044390785682,
      0.007260995443854167,
      0.0070082953114385185,
      0.006896138236067714,
      0.006821506924046983,
      0.006494260018467407,
      0.006281883825627362,
      0.006179452903088031,
      0.005790697395661233,
      0.0057732206819801285,
      0.005704211349276206,
      0.005695862278802205,
      0.005578580138323992,
      0.005532274679433936,
      0.005402523724649013,
      0.005383566737587192,
      0.005229539304992666,
      0.005165907650815597,
      0.0051293229194521416,
      0.005013813615115081,
      0.005003297884203229,
      0.004846829258584034,
      0.004759073240816851,
      0.004726386649212333,
      0.004555940184183517,
      0.004496310115756212
    ]
  },
  "holder_snapshots": [
    {
      "ts": 1779901718.0823035,
      "session": "\ud83c\udf0e US",
      "top10_pct": 0.2036521435292787,